filename	type	bwt	max_mem1	max_mem2	max_mem3	time1	time2	time3	inputSize	outputSize1	outputSize2	outputSize3
./Datasets/proteins/proteins	protein	succinctbwt	2709.234375	2685.0625	2747.828125	194.32	202.85	204.77	1129.1998434066772	1129.1998434066772	1129.1998434066772	1129.1998434066772
./Datasets/proteins/proteins.100MB	protein	succinctbwt	442.5	442.40625	442.421875	15.88	16.05	16.41	100.0	100.0	100.0	100.0
./Datasets/proteins/proteins.200MB	protein	succinctbwt	616.625	585.65625	605.734375	34.55	34.12	34.63	200.0	200.0	200.0	200.0
./Datasets/proteins/proteins.50MB	protein	succinctbwt	263.328125	267.921875	279.96875	8.13	8.57	8.53	50.0	50.0	50.0	50.0
./Datasets/proteins/HomoSapien_red.fnn	protein	succinctbwt	388.078125	381.3125	399.515625	9.2	9.07	9.35	90.04872608184814	90.04872608184814	90.04872608184814	90.04872608184814
./Datasets/proteins/MusMusculus_red.fnn	protein	succinctbwt	286.765625	315.015625	288.171875	6.72	6.64	6.99	63.17826461791992	63.17826461791992	63.17826461791992	63.17826461791992
./Datasets/english/Bible_KJV.txt	english	succinctbwt	49.578125	41.375	40.0625	0.27	0.26	0.26	4.245823860168457	4.245823860168457	4.245823860168457	4.245823860168457
./Datasets/english/J. K. Rowling - Harry Potter 3 - Prisoner of Azkaban.txt	english	succinctbwt	13.515625	13.140625	11.703125	0.06	0.05	0.04	0.5832681655883789	0.5832681655883789	0.5832681655883789	0.5832681655883789
./Datasets/english/english.100MB	english	succinctbwt	364.984375	407.640625	424.390625	10.63	10.55	10.55	100.0	100.0	100.0	100.0
./Datasets/english/english.1024MB	english	succinctbwt	2179.609375	2179.625	2179.59375	123.99	122.38	122.4	1024.0	1024.0	1024.0	1024.0
./Datasets/english/english.50MB	english	succinctbwt	272.9375	248.6875	243.328125	5.04	4.92	4.78	50.0	50.0	50.0	50.0
./Datasets/english/english.200MB	english	succinctbwt	559.765625	558.0	565.703125	21.8	21.9	21.72	200.0	200.0	200.0	200.0
./Datasets/english/english	english	succinctbwt	4440.390625	4440.40625	4440.359375	260.09	276.91	282.96	2107.99746799469	2107.99746799469	2107.99746799469	2107.99746799469
./Datasets/english/J. K. Rowling - Harry Potter 4 - The Goblet of Fire.txt	english	succinctbwt	15.78125	16.875	16.890625	0.08	0.1	0.09	1.057795524597168	1.057795524597168	1.057795524597168	1.057795524597168
./Datasets/english/percy_jackson_book_1.txt	english	succinctbwt	11.359375	12.421875	12.8125	0.05	0.09	0.07	0.5012903213500977	0.5012903213500977	0.5012903213500977	0.5012903213500977
./Datasets/english/J. K. Rowling - Harry Potter 1 - Sorcerer's Stone.txt	english	succinctbwt	11.015625	11.125	10.8125	0.04	0.04	0.04	0.4193706512451172	0.4193706512451172	0.4193706512451172	0.4193706512451172
./Datasets/english/J. K. Rowling - Harry Potter 2 - The Chamber Of Secrets.txt	english	succinctbwt	11.734375	10.875	11.84375	0.04	0.04	0.04	0.4693317413330078	0.4693317413330078	0.4693317413330078	0.4693317413330078
./Datasets/english/percy_jackson_book_2.txt	english	succinctbwt	10.21875	9.796875	9.84375	0.03	0.03	0.04	0.35627269744873047	0.35627269744873047	0.35627269744873047	0.35627269744873047
./Datasets/english/percy_jackson_book_3.txt	english	succinctbwt	10.71875	10.046875	10.1875	0.03	0.03	0.03	0.3838796615600586	0.3838796615600586	0.3838796615600586	0.3838796615600586
./Datasets/english/percy_jackson_book_4.txt	english	succinctbwt	10.546875	10.921875	11.875	0.04	0.04	0.04	0.47038936614990234	0.47038936614990234	0.47038936614990234	0.47038936614990234
./Datasets/english/percy_jackson_book_5.txt	english	succinctbwt	12.0625	11.046875	11.984375	0.04	0.04	0.04	0.47524356842041016	0.47524356842041016	0.47524356842041016	0.47524356842041016
./Datasets/dna/dna.50MB	dna	succinctbwt	184.578125	190.6875	186.71875	3.85	3.84	3.83	50.0	50.0	50.0	50.0
./Datasets/dna/dna.100MB	dna	succinctbwt	318.640625	325.640625	332.734375	8.26	8.18	8.16	100.0	100.0	100.0	100.0
./Datasets/dna/dna.200MB	dna	succinctbwt	515.671875	462.921875	540.890625	17.37	17.68	17.46	200.0	200.0	200.0	200.0
./Datasets/dna/HomoSapiens_red.fna	dna	succinctbwt	5198.109375	5166.3125	5118.4375	297.94	300.9	303.52	2899.2245836257935	2899.2245836257935	2899.2245836257935	2899.2245836257935
./Datasets/dna/MusMusculus_red.fna	dna	succinctbwt	5482.265625	4467.578125	4938.578125	254.28	262.85	265.73	2601.838397026062	2601.838397026062	2601.838397026062	2601.838397026062
./Datasets/dna/dna	dna	succinctbwt	827.71875	858.375	824.6875	33.3	33.26	34.73	385.2155170440674	385.2155170440674	385.2155170440674	385.2155170440674
./Datasets/proteins/MusMusculus_red.fnn	protein	naivebwt	317.4375	317.375	317.375	4.17	3.79	3.78	63.17826461791992	63.17827224731445	63.17827224731445	63.17827224731445
./Datasets/proteins/proteins	protein	naivebwt	2561.140625	2561.34375	2561.015625	91.91	88.78	93.63	1129.1998434066772	1129.1998586654663	1129.1998586654663	1129.1998586654663
./Datasets/proteins/proteins.100MB	protein	naivebwt	501.46875	501.40625	501.5	7.3	7.23	7.31	100.0	100.00000762939453	100.00000762939453	100.00000762939453
./Datasets/proteins/proteins.200MB	protein	naivebwt	1001.46875	1001.4375	1001.4375	15.19	14.67	14.85	200.0	200.00000762939453	200.00000762939453	200.00000762939453
./Datasets/proteins/proteins.50MB	protein	naivebwt	251.46875	251.40625	251.125	3.23	3.18	3.48	50.0	50.00000762939453	50.00000762939453	50.00000762939453
./Datasets/proteins/HomoSapien_red.fnn	protein	naivebwt	451.484375	451.765625	451.734375	5.61	5.2	5.13	90.04872608184814	90.04873371124268	90.04873371124268	90.04873371124268
./Datasets/english/Bible_KJV.txt	english	naivebwt	22.671875	22.671875	22.640625	0.15	0.15	0.15	4.245823860168457	4.245831489562988	4.245831489562988	4.245831489562988
./Datasets/english/J. K. Rowling - Harry Potter 3 - Prisoner of Azkaban.txt	english	naivebwt	4.515625	4.421875	4.359375	0.02	0.02	0.02	0.5832681655883789	0.5832757949829102	0.5832757949829102	0.5832757949829102
./Datasets/english/english.100MB	english	naivebwt	501.5	501.4375	501.4375	5.95	5.87	5.94	100.0	100.00000762939453	100.00000762939453	100.00000762939453
./Datasets/english/english.1024MB	english	naivebwt	2561.03125	2560.765625	2561.21875	76.24	84.71	74.86	1024.0	1024.0000114440918	1024.0000114440918	1024.0000114440918
./Datasets/english/english.50MB	english	naivebwt	251.46875	251.46875	251.46875	2.86	2.84	2.79	50.0	50.00000762939453	50.00000762939453	50.00000762939453
./Datasets/english/english.200MB	english	naivebwt	1001.46875	1001.5	1001.40625	12.74	13.09	13.1	200.0	200.00000762939453	200.00000762939453	200.00000762939453
./Datasets/english/english	english	naivebwt	2561.421875	2561.359375	2561.484375	141.52	155.08	140.35	2107.99746799469	2107.9974908828735	2107.9974908828735	2107.9974908828735
./Datasets/english/J. K. Rowling - Harry Potter 4 - The Goblet of Fire.txt	english	naivebwt	6.78125	6.6875	6.71875	0.04	0.03	0.04	1.057795524597168	1.0578031539916992	1.0578031539916992	1.0578031539916992
./Datasets/english/percy_jackson_book_1.txt	english	naivebwt	4.015625	3.921875	3.953125	0.02	0.02	0.02	0.5012903213500977	0.5012979507446289	0.5012979507446289	0.5012979507446289
./Datasets/english/J. K. Rowling - Harry Potter 1 - Sorcerer's Stone.txt	english	naivebwt	3.5	3.53125	3.5	0.01	0.01	0.01	0.4193706512451172	0.41937828063964844	0.41937828063964844	0.41937828063964844
./Datasets/english/J. K. Rowling - Harry Potter 2 - The Chamber Of Secrets.txt	english	naivebwt	3.828125	3.765625	3.796875	0.02	0.01	0.01	0.4693317413330078	0.46933937072753906	0.46933937072753906	0.46933937072753906
./Datasets/english/percy_jackson_book_2.txt	english	naivebwt	3.21875	3.1875	3.21875	0.01	0.01	0.01	0.35627269744873047	0.3562803268432617	0.3562803268432617	0.3562803268432617
./Datasets/english/percy_jackson_book_3.txt	english	naivebwt	3.390625	3.328125	3.359375	0.01	0.01	0.01	0.3838796615600586	0.38388729095458984	0.38388729095458984	0.38388729095458984
./Datasets/english/percy_jackson_book_4.txt	english	naivebwt	3.828125	3.921875	3.796875	0.02	0.02	0.02	0.47038936614990234	0.4703969955444336	0.4703969955444336	0.4703969955444336
./Datasets/english/percy_jackson_book_5.txt	english	naivebwt	3.84375	3.8125	3.9375	0.02	0.02	0.02	0.47524356842041016	0.4752511978149414	0.4752511978149414	0.4752511978149414
./Datasets/dna/dna.50MB	dna	naivebwt	251.5	251.4375	251.46875	2.84	2.83	2.8	50.0	50.00000762939453	50.00000762939453	50.00000762939453
./Datasets/dna/HomoSapiens_red.fna	dna	naivebwt	2561.4375	2561.28125	2561.375	190.23	192.11	196.63	2899.2245836257935	2899.2246103286743	2899.2246103286743	2899.2246103286743
./Datasets/dna/dna.100MB	dna	naivebwt	501.46875	501.4375	501.46875	6.15	6.11	6.63	100.0	100.00000762939453	100.00000762939453	100.00000762939453
./Datasets/dna/MusMusculus_red.fna	dna	naivebwt	2561.4375	2561.328125	2561.359375	186.3	182.0	184.23	2601.838397026062	2601.838423728943	2601.838423728943	2601.838423728943
./Datasets/dna/dna.200MB	dna	naivebwt	1001.46875	1001.46875	1001.5	13.12	13.1	13.57	200.0	200.00000762939453	200.00000762939453	200.00000762939453
./Datasets/dna/dna	dna	naivebwt	1927.53125	1927.21875	1927.21875	26.93	27.51	27.34	385.2155170440674	385.2155246734619	385.2155246734619	385.2155246734619
